instance_id,text,IDENTITY_ATTACK,THREAT,SEVERE_TOXICITY,INSULT,PROFANITY,TOXICITY
121,They should kill her anyway/,0.09162762,0.73375875,0.35368225,0.18728738,0.33453682,0.7570315
1044,Kill Cardi B's parents. Worth it,0.1769227,0.7809977,0.45895407,0.34548226,0.36099523,0.8252207
